1,1,1,Попробуйте перезагрузить устройство.,2024-10-11 12:56:47.6566667
2,2,2,"Возможно, проблема в старом аккумуляторе.",2024-10-11 12:56:47.7533333
3,3,3,Проверьте наличие бумаги в лотке.,2024-10-11 12:56:47.7633333
4,4,4,"Скорее всего, понадобится переустановка системы.",2024-10-11 12:56:47.7700000
5,5,5,"Пожалуйста, проверьте подключение кабеля.",2024-10-11 12:56:47.7800000
6,6,6,Попробуйте очистить кэш.,2024-10-11 12:56:47.7866667
7,7,7,"Убедитесь, что телевизор подключен к розетке.",2024-10-11 12:56:47.7966667
8,8,8,"Проверьте, не забился ли разъем.",2024-10-11 12:56:47.8033333
9,9,9,Необходимо проверить настройки температуры.,2024-10-11 12:56:47.8133333
10,10,10,Регулярное обслуживание поможет устранить шум.,2024-10-11 12:56:47.8233333
